{
"companyName": "DefaultCompany",
"productName": "BrickBreaker",
"productVersion": "0.1",
"dataUrl": "Build.data.unityweb",
"wasmCodeUrl": "Build.wasm.code.unityweb",
"wasmFrameworkUrl": "Build.wasm.framework.unityweb",
"graphicsAPI": ["WebGL 2.0","WebGL 1.0"],
"webglContextAttributes": {"preserveDrawingBuffer": false},
"splashScreenStyle": "Dark",
"backgroundColor": "#231F20",
"cacheControl": {"default": "must-revalidate"},
"developmentBuild": false,
"multithreading": false,
"unityVersion": "2019.3.9f1"
}